chatId,n_turns,duration_minutes,total_words,avg_prompt_len,question_ratio,avg_unique_ratio,label_switch_count,unique_help_types,dominant_help_type,dominant_sentiment
91bb97ab-bb50-4dec-9e16-22075551bc0f,14,1238.73,1268,90.57142857142857,0.07142857142857142,0.742330677188842,11,5,provide_context,NEUTRAL
35814225-aac7-4d47-bba1-5013a9db9b3e,2,1.95,61,30.5,0.0,0.9848484848484849,1,2,contextual_questions,NEUTRAL
c6ca810e-b67c-4561-82d4-b19f619f9cf1,1,0.0,205,205.0,1.0,0.5804878048780487,0,1,contextual_questions,NEUTRAL
6f7dd377-fc1d-4666-88df-fb6bd94aa18e,3,25.44,167,55.666666666666664,0.6666666666666666,0.8120616971680802,1,2,contextual_questions,NEUTRAL
547516c1-9096-4d2a-ba74-f2b2c58590eb,2,113.02,71,35.5,0.5,0.875,1,2,verification,NEUTRAL
ac2bbdee-f515-434e-b92a-f10fa493c351,1,0.0,394,394.0,0.0,0.40609137055837563,0,1,writing_request,NEUTRAL
010e3841-3b59-4817-93e5-5cce0da9c676,3,3.86,75,25.0,0.0,0.9277777777777777,1,2,provide_context,NEUTRAL
760d0333-4b64-45c2-bc43-d3d92931fc75,8,9.5,477,59.625,0.25,0.8049636918551912,3,3,verification,NEUTRAL
ef652504-5e30-43ab-bbc0-f87d0ed7c5d6,1,0.0,184,184.0,0.0,0.5978260869565217,0,1,verification,NEUTRAL
3f36fe2c-83f7-40ce-b6b0-2771e75da3b4,7,18.67,198,28.285714285714285,0.14285714285714285,0.8449489107383844,6,4,writing_request,NEUTRAL
e5e7d9cb-307b-4482-928d-a7c9e12f85d8,5,4771.97,254,50.8,0.8,0.8457831325301205,2,2,conceptual_questions,NEUTRAL
c23358e0-3ad8-4c0e-850b-c7a0af344e38,7,1706.92,140,20.0,0.42857142857142855,0.8786322258371947,5,4,contextual_questions,NEUTRAL
47e6c0c9-d2f0-4c3f-958f-ea147db111b9,7,15.16,67,9.571428571428571,0.0,0.9571428571428572,0,1,conceptual_questions,NEUTRAL
dcbe067e-16e7-4fe7-8a71-791e17ee4513,1,0.0,11,11.0,1.0,0.9090909090909091,0,1,conceptual_questions,NEUTRAL
c7dd85ef-73ac-480a-9892-e1319a6ebb33,1,0.0,705,705.0,1.0,0.2765957446808511,0,1,provide_context,NEUTRAL
73278a92-4410-4c1a-82ec-cedf7e945b81,2,24.25,579,289.5,1.0,0.6369211338759473,1,2,writing_request,NEUTRAL
6c38c224-adfe-4612-ae36-79817bd64218,14,104.55,570,40.714285714285715,0.42857142857142855,0.8940112050799074,7,4,conceptual_questions,NEUTRAL
3bf55bca-40a9-440e-b604-8859c8281fc7,1,0.0,278,278.0,1.0,0.6798561151079137,0,1,provide_context,NEUTRAL
10f45c05-44af-4afb-ac8c-e8fe0411e9a5,3,5.99,437,145.66666666666666,0.0,0.6442452498266574,2,2,verification,NEUTRAL
db7753f9-536c-46eb-8a73-bba23147d4c0,3,2.84,108,36.0,0.0,0.8900343642611683,1,2,conceptual_questions,NEUTRAL
378067f3-a858-41ac-abf6-92f43803f340,1,0.0,60,60.0,0.0,0.7166666666666667,0,1,writing_request,NEUTRAL
f49c707d-9b79-4736-b794-63d2fe5e59a4,4,168.54,60,15.0,0.75,0.9705882352941176,1,2,conceptual_questions,NEUTRAL
f122a5be-dde1-4e9d-8467-9471a37aafb9,1,0.0,86,86.0,0.0,0.7325581395348837,0,1,provide_context,NEUTRAL
79229948-0986-4e76-aec1-c1b27e9adcea,4,0.85,29,7.25,0.0,0.975,3,4,conceptual_questions,NEUTRAL
cbb24362-45ed-4a65-89fa-23fa581379c9,2,1.31,540,270.0,0.5,0.6791451520367182,1,2,writing_request,POSITIVE
f70965c2-ca8b-4944-a95d-1754fdf81787,4,5.46,49,12.25,0.25,0.9456845238095237,1,2,writing_request,NEUTRAL
ae394285-ea25-43d9-811a-06dcd66d6e51,1,0.0,9,9.0,1.0,0.8888888888888888,0,1,conceptual_questions,NEUTRAL
f13174f4-3242-4dfc-9098-e6e6798e8dcc,14,63.53,4023,287.35714285714283,0.2857142857142857,0.7176651524607532,9,5,writing_request,NEUTRAL
44ab46a6-e0ca-4c66-83a7-f663aec15302,6,7.97,136,22.666666666666668,0.0,0.9067460317460317,3,3,conceptual_questions,NEUTRAL
bdf2deac-3ec3-4ff6-9038-dedff8940914,4,9.59,279,69.75,0.0,0.8634173461823573,3,3,writing_request,NEUTRAL
549a6019-5914-45f7-9009-d910c9c82bea,1,0.0,10,10.0,0.0,1.0,0,1,conceptual_questions,NEUTRAL
921b48cd-ec98-45a7-bc0e-ebcbc60a6925,3,718.55,118,39.333333333333336,0.0,0.867283950617284,1,2,conceptual_questions,NEUTRAL
8af9b37a-b881-46d7-ba4c-a6433d8a7f5d,1,0.0,12,12.0,0.0,1.0,0,1,writing_request,POSITIVE
f25f217a-b2e7-4335-85cf-7edcedbafc6f,8,544.67,2013,251.625,0.25,0.6974131715695808,7,5,writing_request,NEUTRAL
9e6a6476-9428-4285-8b6c-55fa29b6df43,3,6.29,43,14.333333333333334,1.0,0.9488636363636364,2,2,contextual_questions,NEUTRAL
f8fa0596-3a1f-4495-bb2a-077f3a5e0063,7,171.66,712,101.71428571428571,0.14285714285714285,0.5621773382526042,1,2,writing_request,NEUTRAL
d3f08c4c-2823-4fcb-9bea-fa33803e9716,24,4646.26,1365,56.875,0.0,0.842251070489327,19,5,conceptual_questions,NEUTRAL
1ef06ca5-16f9-40f5-a135-89c920118830,11,55.36,365,33.18181818181818,0.45454545454545453,0.8714725454516764,8,5,provide_context,NEUTRAL
2521536b-cd9c-44f4-9d9a-774ede1e72d2,4,13.13,20,5.0,0.0,0.96875,1,2,conceptual_questions,NEUTRAL
23bef996-01e2-480d-87c3-43e8a21bbee4,8,22.49,159,19.875,0.0,0.9523297491039426,6,5,provide_context,NEUTRAL
afdce71b-cc17-4807-a050-5ebab08d8ba6,2,2.52,678,339.0,0.0,0.5219936369485951,0,1,writing_request,NEUTRAL
b58942bf-3e64-4baf-a22c-b0e527163b69,1,0.0,94,94.0,0.0,0.7659574468085106,0,1,writing_request,NEUTRAL
24caffac-634d-4c96-9191-50442c7fdfa3,26,371.22,461,17.73076923076923,0.19230769230769232,0.9323086449675866,16,4,conceptual_questions,NEUTRAL
8c475b7a-c8e5-498a-80d2-993de13532c0,2,3.11,79,39.5,0.0,0.7782467532467532,1,2,writing_request,NEUTRAL
07d31c4a-733a-4844-8578-ee7303c9f250,11,345.65,948,86.18181818181819,0.2727272727272727,0.8483809084790852,8,3,conceptual_questions,NEUTRAL
856068e4-2077-4766-92ee-722a983ef562,19,2069.65,2019,106.26315789473684,0.3157894736842105,0.7980118310818408,13,7,writing_request,NEUTRAL
87ab7205-10c5-4403-8a40-ac06ceebcfb9,65,2314.66,3739,57.52307692307692,0.4307692307692308,0.8674460219837656,48,8,conceptual_questions,NEUTRAL
fbeca962-8c03-4f0f-8487-3d4aa6d68574,2,18.0,85,42.5,0.5,0.8066666666666666,1,2,conceptual_questions,NEUTRAL
f15776d6-5bf2-4452-b8c1-ff73ff2717b7,2,6.95,25,12.5,0.5,1.0,1,2,conceptual_questions,NEUTRAL
d4dc403c-e644-40bf-bb54-c12a73afb27c,7,130.36,456,65.14285714285714,0.14285714285714285,0.8070654006432241,5,5,writing_request,NEUTRAL
b0b6a6a7-5b70-4746-a79d-c6ad8e17bb54,1,0.0,63,63.0,1.0,0.8253968253968254,0,1,verification,NEUTRAL
804dea12-3b87-4878-b781-2201a1d87eb1,1,0.0,41,41.0,0.0,0.8292682926829268,0,1,contextual_questions,NEUTRAL
37bd300c-ff23-416d-8e8c-5c74c95ba4e0,1,0.0,6,6.0,0.0,1.0,0,1,writing_request,POSITIVE
7faa327e-4a61-4a07-9470-24e80ffcc744,15,30.12,3487,232.46666666666667,0.13333333333333333,0.7107766788291596,7,2,provide_context,NEUTRAL
125c03a8-dc2d-46ac-86b0-3f9b373f2dea,3,27.87,1543,514.3333333333334,0.3333333333333333,0.5439497010925582,1,2,provide_context,NEUTRAL
83d19551-65ca-4d93-9d1d-084c97b60cb9,3,8.04,34,11.333333333333334,0.3333333333333333,0.9722222222222222,0,1,conceptual_questions,NEUTRAL
babeaf55-1199-4222-ac10-412e5b40c56c,7,5.25,318,45.42857142857143,0.2857142857142857,0.9083165733825999,4,3,editing_request,NEUTRAL
3064a8f3-e5d6-4f56-aa04-f26c22867390,1,0.0,26,26.0,0.0,0.6538461538461539,0,1,conceptual_questions,NEUTRAL
5a31b09f-2eeb-4618-83cd-7bb4471819f8,8,17.81,7147,893.375,0.125,0.7354922771328913,5,4,writing_request,NEUTRAL
b0c51f08-1eab-4797-81d3-5cf5990ccd02,5,99.04,35,7.0,0.2,1.0,3,2,conceptual_questions,NEUTRAL
913270d0-eee2-41a2-a356-8bf51a8d05ab,5,16.96,713,142.6,0.0,0.7906588727205965,3,4,provide_context,NEUTRAL
34619181-73a8-413d-a6c1-d68755ef610a,1,0.0,1116,1116.0,1.0,0.4946236559139785,0,1,verification,NEUTRAL
44b57a86-ee5c-4fd8-9052-41f45d65bfd8,1,0.0,2279,2279.0,1.0,0.3444493198771391,0,1,writing_request,NEUTRAL
1cc93bd0-ba8a-4017-ac1a-9aa3ff0e5cc0,12,1913.46,256,21.333333333333332,0.0,0.9490878383093951,2,2,conceptual_questions,NEUTRAL
11bb3cf3-bfcd-4992-b902-46813db2d814,25,4266.53,356,14.24,0.08,0.9495197064329192,15,5,conceptual_questions,NEUTRAL
1a95319c-e694-41ce-8043-65ebd925ccc5,2,1.61,403,201.5,1.0,0.6383920339295592,1,2,writing_request,NEUTRAL
75a0b273-75ba-4027-a8e3-2b2b53f91199,3,8.28,569,189.66666666666666,0.3333333333333333,0.6096886902034829,2,3,verification,NEUTRAL
90708077-8f09-46b5-8305-3e867df35095,1,0.0,69,69.0,1.0,0.7536231884057971,0,1,contextual_questions,NEUTRAL
a64f2e4e-2344-4952-8e05-8b3126cc7c49,6,24.82,400,66.66666666666667,1.0,0.8360087524211969,3,2,conceptual_questions,NEUTRAL
1b216462-f4aa-4256-97ca-8f18a763e04c,2,1.03,75,37.5,0.0,0.8129445234708392,0,1,provide_context,NEUTRAL
10942254-640a-4560-a7b7-4217a8b23d87,1,0.0,6,6.0,0.0,1.0,0,1,conceptual_questions,NEUTRAL
059b5434-0bfe-49ad-b837-98dec81332be,3,23.88,67,22.333333333333332,0.3333333333333333,0.8398692810457516,2,2,writing_request,NEUTRAL
8a1630e8-b378-4773-825f-50be26c6934a,5,8.57,815,163.0,0.8,0.6774311528406616,1,2,writing_request,NEUTRAL
1665e075-133e-4a4d-9515-bf321cda8307,2,1.67,22,11.0,0.0,1.0,0,1,conceptual_questions,NEUTRAL
543b5616-56ed-44b0-be25-d8791bd9364a,1,0.0,10,10.0,0.0,0.9,0,1,conceptual_questions,NEUTRAL
9c1ccfad-9856-42ce-8c49-afd3400158e9,6,11580.04,172,28.666666666666668,0.5,0.9480459355459355,5,4,provide_context,NEUTRAL
49709f01-36d0-4667-8bae-18709cc8634e,6,22.46,90,15.0,0.0,0.9573220896750309,4,4,conceptual_questions,NEUTRAL
224e7706-4247-4903-aadf-249e482364ca,2,38.45,32,16.0,1.0,0.9166666666666667,1,2,writing_request,NEUTRAL
f3d827c5-4d97-4ec8-bab8-13d118a273e6,3,1.49,698,232.66666666666666,0.3333333333333333,0.7854014598540147,0,1,writing_request,NEUTRAL
81682348-08b7-4ded-9862-4c7b28b20ea0,2,4.46,17,8.5,0.0,1.0,0,1,conceptual_questions,NEUTRAL
8662039f-f68f-4646-942d-43f817ad18fb,11,43.19,70,6.363636363636363,0.0,1.0,4,3,conceptual_questions,NEUTRAL
e2f6610d-3a96-42e5-9aa7-cf849f9336f4,4,44.49,304,76.0,0.0,0.7948370927318296,3,4,misc,NEUTRAL
501f4612-2aae-49e5-9f3f-bc4dfac7774c,31,1562.02,1547,49.903225806451616,0.03225806451612903,0.7836715953742244,18,4,writing_request,NEUTRAL
7b344811-7367-4ca8-a290-ec559950addb,2,1.2,226,113.0,0.0,0.717120229168422,0,1,writing_request,NEUTRAL
4e9343b9-e9f9-4ded-adc5-56328c1a209c,7,191.07,191,27.285714285714285,0.0,0.9319493314567208,1,2,writing_request,NEUTRAL
91c852a5-c89a-4060-8a93-f1cdfea6c4fd,5,1453.24,34,6.8,0.0,0.9833333333333332,2,2,conceptual_questions,NEUTRAL
d9187439-195e-4227-9e3d-5bd1dff80232,1,0.0,155,155.0,0.0,0.9806451612903225,0,1,contextual_questions,NEUTRAL
abb57930-97dc-40d7-81ae-7a2c3831c60a,13,178.15,1143,87.92307692307692,0.8461538461538461,0.8275318345942212,4,2,conceptual_questions,NEUTRAL
d3c9ea49-3573-4604-912a-3745def5a5b8,1,0.0,14,14.0,0.0,1.0,0,1,contextual_questions,NEUTRAL
c8f57386-55ca-4cd5-beb0-212c1b971823,1,0.0,395,395.0,0.0,0.5240506329113924,0,1,writing_request,NEUTRAL
a978ae98-8e59-4128-a485-6b219c065cb8,2,0.63,64,32.0,0.0,0.9787234042553192,0,1,writing_request,NEUTRAL
0fae0eb9-08ac-4c50-ae00-1197e3197abc,2,0.29,92,46.0,0.5,0.8928571428571428,1,2,contextual_questions,NEUTRAL
e35e9829-06b0-47c1-82c5-dd214988cc24,1,0.0,12,12.0,1.0,0.9166666666666666,0,1,contextual_questions,NEUTRAL
35236755-be91-4fc7-8f0a-895f965e6c2e,43,2634.25,667,15.511627906976743,0.06976744186046512,0.9605107923097266,21,6,conceptual_questions,NEUTRAL
d47be5ed-24aa-4afc-87db-d88369dc2eac,7,4415.86,195,27.857142857142858,0.42857142857142855,0.8849232049203614,5,4,verification,NEUTRAL
8e381d06-ee8a-45e9-ab08-a95302effdc3,3,41.27,112,37.333333333333336,0.0,0.8640059127864005,1,2,conceptual_questions,NEUTRAL
dd772ef7-0b94-4805-9cd7-d49f7e0a50d5,3,1.62,28,9.333333333333334,0.6666666666666666,0.9722222222222222,0,1,conceptual_questions,NEUTRAL
e84e4d13-6397-4eb2-a912-8955e84477dc,1,0.0,1,1.0,0.0,1.0,0,1,off_topic,POSITIVE
c7225e4e-5957-4826-944f-20f78062dc5b,1,0.0,157,157.0,1.0,0.6242038216560509,0,1,conceptual_questions,NEUTRAL
6426ad26-7ae1-4863-9a8e-e484e059f4b7,6,45.54,385,64.16666666666667,0.16666666666666666,0.8136853226138939,2,3,conceptual_questions,NEUTRAL
85ffa4f6-9cbb-4633-bf2f-cfbe5a6ab152,7,8.48,55,7.857142857142857,0.14285714285714285,0.9857142857142858,0,1,conceptual_questions,NEUTRAL
b9bcb9d8-8670-46a9-8201-737574437e28,2,1.06,30,15.0,0.5,0.9666666666666667,1,2,contextual_questions,NEUTRAL
23203cce-0a25-4951-8fd1-9168f51cf207,4,9.42,74,18.5,0.0,0.9464285714285714,2,3,conceptual_questions,NEUTRAL
dc23ab41-954b-4a1c-8222-1756c9f87118,7,285.27,198,28.285714285714285,0.0,0.9061272061272062,3,4,writing_request,NEUTRAL
0002a060-8fd4-40ae-b17e-0e1a713d31d4,1,0.0,20,20.0,1.0,0.9,0,1,writing_request,NEUTRAL
306133a8-60f6-46d6-a939-2bce7cb14101,12,50.18,117,9.75,0.08333333333333333,0.9610484544695073,5,4,conceptual_questions,NEUTRAL
ff64f499-4cf7-485e-91ac-01ec870dd10a,1,0.0,7,7.0,0.0,1.0,0,1,conceptual_questions,NEUTRAL
e57f066e-a94e-428c-a45f-3f9daf459d5e,1,0.0,56,56.0,0.0,0.6071428571428571,0,1,provide_context,NEUTRAL
7a024bc8-94b6-47be-963d-c3c0a624db66,11,230.6,1213,110.27272727272727,0.45454545454545453,0.8612222607903988,5,2,conceptual_questions,NEUTRAL
7ceb57ea-8652-41f9-9b02-550408da2ff0,3,3.72,11,3.6666666666666665,0.0,1.0,0,1,conceptual_questions,NEUTRAL
e62cc5b3-1845-4005-ae45-b0088eb94340,1,0.0,30,30.0,0.0,0.8333333333333334,0,1,writing_request,NEUTRAL
c8b35734-4ed6-44d9-b3f7-34dd919376a3,33,10437.33,886,26.848484848484848,0.6363636363636364,0.916728579608205,21,7,conceptual_questions,NEUTRAL
decdf3c8-70fb-456a-9570-cfddf2f4bc16,1,0.0,393,393.0,0.0,0.361323155216285,0,1,writing_request,NEUTRAL
79e526b1-7343-40a3-90f6-fb1f5dd82086,1,0.0,107,107.0,0.0,0.7383177570093458,0,1,provide_context,NEUTRAL
7d2ebd53-f85e-404e-86b7-a26f3740bd4e,1,0.0,109,109.0,0.0,0.7889908256880734,0,1,writing_request,NEUTRAL
23f9e1a8-6b4f-44d1-b205-f307bbe19575,2,9.53,1744,872.0,1.0,0.28077110815159423,1,2,provide_context,NEUTRAL
76597982-1741-4d96-a2f3-5b9a14f734ed,5,22.43,115,23.0,0.0,0.8902554961378492,1,2,conceptual_questions,NEUTRAL
f7d7e2d3-7f98-415c-9d80-1b53a97a178f,3,5.92,153,51.0,0.0,0.843559977888336,0,1,writing_request,NEUTRAL
218a1d11-2b2b-41a9-8e6c-322906d635a6,19,66.93,1179,62.05263157894737,0.05263157894736842,0.7449491991642209,9,5,provide_context,NEUTRAL
53f185c9-2e9e-4d4a-bfb8-f426d2386440,1,0.0,254,254.0,1.0,0.6456692913385826,0,1,writing_request,NEUTRAL
068eaf0a-7015-41c0-ba89-7e5bf2e10134,10,37.31,549,54.9,1.0,0.7632687415162559,1,2,writing_request,NEUTRAL
614f206b-f137-4d38-8167-6241f0ddda7d,1,0.0,1,1.0,0.0,1.0,0,1,off_topic,NEUTRAL
3288ec0f-5ec2-4633-846f-25a4b5d3d84e,4,19.51,2049,512.25,0.0,0.6784591059343292,2,3,writing_request,NEUTRAL
01dc0729-ddee-4a58-9133-b8322ae63c21,3,9.02,134,44.666666666666664,0.6666666666666666,0.8110078719834818,2,2,writing_request,NEUTRAL
3711e5c3-9859-41e5-8c72-69a134e6ac42,21,1846.84,1139,54.23809523809524,0.19047619047619047,0.9018726486711579,14,5,conceptual_questions,NEUTRAL
7ef8b0c1-584f-4c58-a95d-12298dbb1c9d,5,8.51,27,5.4,0.0,1.0,0,1,conceptual_questions,NEUTRAL
ebac7f31-e4b3-4da4-9451-7e89e348ad2c,11,123.64,438,39.81818181818182,0.0,0.87508333095694,7,5,conceptual_questions,NEUTRAL
05c8de07-74c1-4627-a038-9ea7a08c937f,30,1768.53,7972,265.73333333333335,0.1,0.7294010259903327,12,4,writing_request,NEUTRAL
5e37f416-8f86-493a-8fb2-cfa39d5904b3,2,1.19,184,92.0,0.0,0.7708333333333333,1,2,verification,NEUTRAL
966d019d-8ed7-4a29-bdf8-ab46894714e2,15,13553.81,451,30.066666666666666,0.0,0.9249825621948383,6,3,conceptual_questions,NEUTRAL
8104dd69-e29b-473d-87be-042919d6e575,8,161.97,174,21.75,0.0,0.7977496159754224,6,5,writing_request,NEUTRAL
68719d58-40a1-4ad0-b928-013c5bd065b8,1,0.0,23,23.0,0.0,0.5217391304347826,0,1,conceptual_questions,NEUTRAL
575821d2-d726-4b7b-973e-01e80275f1f4,7,76.32,2846,406.57142857142856,0.14285714285714285,0.7645089231212028,2,2,provide_context,NEUTRAL
2c782b37-1bfd-4a1c-9f3c-658c541755ea,9,665.74,86,9.555555555555555,0.0,0.9619047619047618,5,3,conceptual_questions,NEUTRAL
73defc9b-5a24-44cf-9252-ed8edac6d4c9,14,864.99,532,38.0,0.21428571428571427,0.8146118847587039,11,5,contextual_questions,NEUTRAL
d1e0afe1-d3bc-4a68-a830-31fb01be6b48,4,2.88,272,68.0,0.0,0.7970896232830137,2,3,provide_context,NEUTRAL
0a0f2345-8e75-460a-8ad7-c00aef06cc35,5,157.57,85,17.0,0.4,0.9115151515151515,1,2,conceptual_questions,NEUTRAL
a98e8174-6d5e-4772-9151-3f4e84383e39,10,154.61,2292,229.2,0.2,0.7689518695790037,7,5,provide_context,NEUTRAL
ede2a57c-b48d-4a26-a746-99d44a551ed4,19,1377.52,5092,268.0,0.10526315789473684,0.6958462817121327,5,4,writing_request,NEUTRAL
bc439d24-1f72-4293-bb01-fdc44763b340,14,103.75,846,60.42857142857143,0.0,0.8047742256867662,9,5,contextual_questions,NEUTRAL
0971aed1-3287-4fe9-b0aa-88684a037d4b,60,8745.14,1628,27.133333333333333,0.13333333333333333,0.9155876781008361,26,5,conceptual_questions,NEUTRAL
338e3851-d374-4055-b5d9-46bbefd25a50,3,4.14,218,72.66666666666667,0.0,0.6735116735116735,1,2,provide_context,NEUTRAL
c241b73c-65ff-4b15-9f9c-3f05550bb826,9,259.28,3106,345.1111111111111,0.1111111111111111,0.6915305261982516,3,3,writing_request,NEUTRAL
0df0c229-b9ff-4ef3-9827-183b832d8409,2,0.64,105,52.5,0.0,0.8125,1,2,conceptual_questions,NEUTRAL
82f640be-6bfa-4e80-9486-0f3d636f1377,38,1065.27,690,18.157894736842106,0.4473684210526316,0.9287406855544242,29,7,writing_request,NEUTRAL
1cc62393-788c-44ee-aad8-844ceb306824,1,0.0,54,54.0,0.0,0.6481481481481481,0,1,provide_context,NEUTRAL
86930bb7-3a64-43f1-8612-85f27a7cffca,23,3938.16,929,40.391304347826086,0.391304347826087,0.795658945543646,19,5,contextual_questions,NEUTRAL
e8689086-fbe7-42de-b686-7182ed2983c3,19,57.1,558,29.36842105263158,0.42105263157894735,0.8768624795384686,13,5,writing_request,NEUTRAL
0ca98e07-6a02-418a-aad1-77165d7f4234,5,7.08,37,7.4,0.0,1.0,1,2,conceptual_questions,NEGATIVE
0c19e9b0-ec8d-4ec7-9b34-ed477ea44f2e,1,0.0,12,12.0,1.0,1.0,0,1,conceptual_questions,NEUTRAL
47ae74d7-6c8a-4fa9-892e-c6007331d52c,1,0.0,9,9.0,0.0,1.0,0,1,conceptual_questions,NEUTRAL
e20dbe24-e7e3-49ae-bbd4-c0c9a4065f8f,1,0.0,172,172.0,0.0,0.686046511627907,0,1,writing_request,NEUTRAL
c4365662-110a-4c5c-a408-ab83d3ac83f2,9,23.4,298,33.111111111111114,0.1111111111111111,0.9627830842012484,2,2,provide_context,NEUTRAL
006b74d1-d88c-43ce-8e22-e27ac270a79d,8,61.48,126,15.75,0.125,0.9367683946488294,5,4,conceptual_questions,NEUTRAL
e37e33c5-13b4-4afa-beaf-3bbeb4ada45e,18,3126.04,2371,131.72222222222223,0.16666666666666666,0.8030765860773665,11,6,provide_context,NEUTRAL
be61fc0b-2bb0-4609-94d3-f9e017ea0da8,3,1.4,18,6.0,0.0,1.0,1,2,conceptual_questions,NEUTRAL
f9bb06f5-47a6-4665-9501-2049274e40b0,6,355.25,377,62.833333333333336,0.6666666666666666,0.8847426309297081,3,2,conceptual_questions,NEUTRAL
4c1b5f00-379e-4b03-8e09-2fba8ad39423,6,70.32,335,55.833333333333336,0.0,0.8273381503002878,5,4,writing_request,NEUTRAL
fd03194f-695d-42d4-a88c-7b46d0f0e263,13,376.04,1630,125.38461538461539,0.6923076923076923,0.7893237394409309,8,3,provide_context,NEUTRAL
a1d5f65e-d933-4e0f-a5a8-96c9c377f0df,2,0.08,61,30.5,0.0,0.9351851851851851,0,1,editing_request,NEUTRAL
d930e352-d0ec-4382-9824-eba79725d352,6,5793.27,139,23.166666666666668,0.16666666666666666,0.8792284522706209,4,4,writing_request,NEUTRAL
40dae580-9970-4b59-8444-72dc7d8c374f,13,2415.71,1452,111.6923076923077,0.07692307692307693,0.7849256800335789,5,4,writing_request,NEUTRAL
b9daf206-c681-48b7-9158-d27dbdfad282,8,607.84,254,31.75,0.0,0.9095299145299145,6,4,provide_context,NEUTRAL
216c32a4-8d0d-4bd9-84c6-9cef07d36790,1,0.0,34,34.0,0.0,0.7647058823529411,0,1,writing_request,NEUTRAL
bb7e0d80-b968-4f8e-a93f-96d4c695a88d,5,8.37,133,26.6,0.0,0.9022175479424467,2,3,conceptual_questions,NEUTRAL
c34811cc-3811-4fa0-80f2-b146a5dae17e,3,10.79,750,250.0,0.0,0.6647594438292113,0,1,writing_request,NEUTRAL
7a0bf42b-6aa2-4607-9155-6b3aaea667d0,2,0.68,204,102.0,0.5,0.8239795918367347,1,2,writing_request,NEUTRAL
4710009a-5ca6-42c3-b928-269b0913a3cf,16,1225.14,657,41.0625,0.0,0.8362412036033127,13,6,contextual_questions,NEUTRAL
6786c814-0070-4371-9a0d-13a12933ac6f,13,78.03,830,63.84615384615385,0.0,0.8003160641762945,9,5,writing_request,NEUTRAL
faf63d11-00fc-4a7f-96c3-ec0d693a76c4,18,3596.62,541,30.055555555555557,0.2222222222222222,0.9166296332963001,8,4,conceptual_questions,NEUTRAL
34f2dcd8-37c4-427b-860f-caf44417e97a,1,0.0,2303,2303.0,1.0,0.4472427268779852,0,1,writing_request,NEUTRAL
d35acc53-67be-4c43-95ed-5a30730c3485,1,0.0,8,8.0,0.0,1.0,0,1,conceptual_questions,NEUTRAL
ce6fc120-94af-46d6-9781-5b3f8290dab1,2,7.31,188,94.0,1.0,0.8184523809523809,0,1,writing_request,NEUTRAL
54b33c39-6ec3-496e-b2c4-9870aa72d89d,1,0.0,61,61.0,0.0,0.7213114754098361,0,1,provide_context,NEUTRAL
55614f82-83c9-437d-b0d9-7eed0e8c5874,11,10160.05,5743,522.0909090909091,0.09090909090909091,0.6565871055346962,7,5,provide_context,NEUTRAL
90aa7510-bf4d-4ddc-b80b-3738e9cd4568,13,1490.76,607,46.69230769230769,0.46153846153846156,0.8611717372332633,6,3,conceptual_questions,NEUTRAL
cbcad01e-f9d3-4b2d-914c-ffed03d7b346,7,671.19,566,80.85714285714286,0.42857142857142855,0.7967597392317731,3,3,writing_request,NEUTRAL
8920269f-447e-4ce4-9be5-bc4519c9f893,1,0.0,115,115.0,0.0,0.6695652173913044,0,1,writing_request,NEUTRAL
246ea5ef-a27f-4c73-a563-ab101c9911e3,1,0.0,7,7.0,1.0,1.0,0,1,contextual_questions,NEUTRAL
3b0a3801-7408-4820-9866-1d59932e89ec,2,0.12,4,2.0,0.0,1.0,1,2,misc,NEGATIVE
fe046851-e051-40c3-86b2-fa119df93b73,32,100.13,2720,85.0,0.03125,0.6842762720602351,18,5,writing_request,NEUTRAL
6fcbb361-4a19-4eea-ba38-ccd4e6decfff,10,59.35,2872,287.2,0.4,0.8441253727430869,6,4,provide_context,NEUTRAL
be60a7fe-6fd0-40da-a2ef-74acb7f6c126,20,1704.42,384,19.2,0.3,0.946307711685284,12,5,writing_request,NEUTRAL
c40f5bb8-6ca8-494f-b7c9-dbc025c43c93,7,427.08,4119,588.4285714285714,0.7142857142857143,0.5473221236244366,5,4,contextual_questions,NEUTRAL
b86f300f-eabb-45d8-b397-bb6e3227ca18,6,83.36,509,84.83333333333333,0.0,0.7795483278971859,2,2,writing_request,NEUTRAL
187e09da-c1ab-4ccd-a373-08fda34c8402,1,0.0,47,47.0,0.0,0.723404255319149,0,1,contextual_questions,NEUTRAL
7a72cecf-fa24-4b4f-a7da-ad50123b065a,20,1357.11,1253,62.65,0.35,0.8079000304485795,14,7,contextual_questions,NEUTRAL
4882c1c0-582a-4f70-94ce-6d029d5040e9,2,1.79,7,3.5,0.0,1.0,1,2,conceptual_questions,NEUTRAL
615934f2-c754-4445-a173-24cbe83a8abe,9,87.26,645,71.66666666666667,0.3333333333333333,0.8752932234646358,3,2,conceptual_questions,NEUTRAL
d77982fa-f340-4c67-a19c-d4bf4ef60f3e,3,187.75,512,170.66666666666666,0.6666666666666666,0.6944957603422939,2,2,writing_request,NEUTRAL
59d57e18-72d1-4d8a-9930-adbb42bc292e,26,9190.4,1433,55.11538461538461,0.19230769230769232,0.8088517624094155,13,5,conceptual_questions,NEUTRAL
58a40c80-cba6-4250-9391-83fd48b8f9ad,4,0.64,24,6.0,0.75,0.975,2,3,contextual_questions,NEUTRAL
2090c771-1c6a-43da-ad4d-142ce2ea8e5c,28,4597.02,3544,126.57142857142857,0.4642857142857143,0.8053637178356297,19,7,writing_request,NEUTRAL
ba2a5f61-49bd-4f3a-9e33-09e16138d9cc,1,0.0,87,87.0,0.0,0.7701149425287356,0,1,writing_request,NEUTRAL
db4c15e9-c1d9-4546-a2b6-7e5eb1f9ea0b,4,84.6,73,18.25,0.5,0.9449013157894737,2,3,verification,NEUTRAL
0c2e7765-fcf3-43d0-a111-21364d52163c,4,7.02,36,9.0,0.5,0.9833333333333334,1,2,conceptual_questions,NEUTRAL
115422a6-4311-4d7e-8213-63636b816855,14,63.04,970,69.28571428571429,0.07142857142857142,0.7401172105857023,8,4,provide_context,NEUTRAL
4b70b501-0a5c-4dcd-8606-4715af4534e1,6,63.88,71,11.833333333333334,0.3333333333333333,0.9369318181818181,3,3,conceptual_questions,NEUTRAL
83e1d4f3-e4cb-4ce4-8e65-52a10c7c1c64,19,133.26,308,16.210526315789473,0.15789473684210525,0.8939956294532895,13,4,conceptual_questions,NEUTRAL
2fc5ec29-8999-42ed-a074-7b80465f1fcc,4,7.96,103,25.75,0.0,0.8882134067737022,3,2,conceptual_questions,NEUTRAL
1541048f-f05e-4f01-b967-39c3bd6ae448,7,25.72,72,10.285714285714286,0.8571428571428571,0.9617346938775511,2,2,conceptual_questions,NEUTRAL
2927c7ac-43bc-4501-8d80-eb37add9b777,33,5803.49,754,22.848484848484848,0.0,0.9205500579300542,19,5,writing_request,NEUTRAL
1e863dd3-5ef5-4336-b841-9802e9c2810a,9,19.11,76,8.444444444444445,0.6666666666666666,0.9891975308641976,5,3,conceptual_questions,NEUTRAL
34a63125-252f-4e6a-9a86-149d1b7c67e8,8,32.39,246,30.75,0.125,0.9068654885985517,6,4,conceptual_questions,NEUTRAL
31b2b0a3-e613-4a19-ae84-9887428a9373,8,270.68,241,30.125,0.0,0.8823144818568159,5,4,contextual_questions,NEUTRAL
8de95393-2a0c-4d7c-9526-81b8ca6fb65a,1,0.0,10,10.0,0.0,1.0,0,1,conceptual_questions,NEUTRAL
2d7f6457-30f0-4878-98a9-c450b2ade440,1,0.0,2671,2671.0,1.0,0.40321976787719954,0,1,provide_context,NEUTRAL
b8c4e5d9-2337-47ab-b06e-8dc9a9650124,1,0.0,23,23.0,0.0,0.9565217391304348,0,1,writing_request,NEUTRAL
877cbde6-a0d2-43ff-b5fc-49ce4b4188ec,4,1139.33,435,108.75,0.25,0.7193166459731761,3,3,contextual_questions,NEUTRAL
735cbf42-5444-4cf2-886b-d68440cea00b,6,119.39,281,46.833333333333336,0.16666666666666666,0.8386411553868859,2,2,writing_request,NEUTRAL
f0f56c47-6509-4111-b604-9e3c9c0e6754,3,13.55,396,132.0,0.0,0.6905941977225295,0,1,editing_request,NEUTRAL
b3faa950-ffbc-46e2-aed3-22beec8c6351,6,34.47,325,54.166666666666664,0.0,0.757266270683957,4,4,conceptual_questions,NEUTRAL
fb530c83-36d6-4df4-9c5d-295aa5675ac6,5,16.9,563,112.6,0.2,0.8259298789697324,3,2,writing_request,NEUTRAL
9bca8627-7cba-4ac7-8298-fe1aa7044c27,35,2714.61,4336,123.88571428571429,0.02857142857142857,0.6923099370956929,16,5,writing_request,NEUTRAL
0ec8fd3c-de5c-466b-bb17-531ac1110187,5,2441.9,3074,614.8,0.4,0.6546228190387537,0,1,writing_request,NEUTRAL
2b70e41c-029e-4473-9894-ad5123d20cdd,2,11.74,62,31.0,0.0,0.953125,0,1,writing_request,NEUTRAL
233876cb-309b-497d-86d9-44984b1c57db,4,14.14,64,16.0,0.5,1.0,3,3,writing_request,NEUTRAL
6d6c8636-2d6f-4516-aa60-684eeac2936f,1,0.0,93,93.0,0.0,0.6666666666666666,0,1,writing_request,NEUTRAL
99f9c067-0fff-4a2b-930a-d568fa8e6033,6,40.62,72,12.0,0.3333333333333333,0.9946236559139785,4,2,conceptual_questions,NEUTRAL
f64700e3-92c5-41a3-adb0-1a2900fc65ae,4,69.4,124,31.0,0.5,0.956989247311828,3,3,conceptual_questions,NEUTRAL
cd13c1dd-e7b5-4cad-b8d1-07bc9011830d,2,0.87,420,210.0,0.5,0.6405765544010793,1,2,writing_request,NEUTRAL
404cc53e-74ce-4039-9149-07100dab47e5,17,230.8,255,15.0,0.058823529411764705,0.9716099554575931,6,4,conceptual_questions,NEUTRAL
5ff817c8-c1d5-4263-9fa2-5c23b5a3023e,5,18.27,2283,456.6,0.6,0.6466954600358735,2,3,provide_context,NEUTRAL
c0a36f63-d74c-45f7-bf25-9b56af4822d0,27,147.87,1229,45.51851851851852,0.037037037037037035,0.8986995915175096,18,5,conceptual_questions,NEUTRAL
29bda22b-c3df-4c77-acb9-fc61209e5fbe,7,10061.88,15,2.142857142857143,0.0,1.0,2,2,misc,NEUTRAL
96c01a5a-2feb-442f-852b-57df406a7b23,16,11470.99,2689,168.0625,0.125,0.7000041636409958,10,5,writing_request,NEUTRAL
ecb98586-7384-4c9c-986b-9b64d226b60b,1,0.0,397,397.0,0.0,0.4433249370277078,0,1,writing_request,NEUTRAL
b049a88b-acf8-4f4c-9b41-bd7a2dc5dfae,7,45.55,199,28.428571428571427,0.14285714285714285,0.9202612905844899,2,2,writing_request,NEUTRAL
b720cfc2-142e-4142-b6a7-a3bf6c3b33a2,3,7.86,2269,756.3333333333334,0.3333333333333333,0.5729007190726478,2,3,writing_request,NEUTRAL
d1fd4f1f-b040-437f-986c-da82a391a68e,22,5502.07,4995,227.04545454545453,0.18181818181818182,0.7612896806575324,9,5,provide_context,NEUTRAL
c7d57d22-741b-4c3d-b7ba-ebd8c8ade48b,1,0.0,8,8.0,0.0,1.0,0,1,provide_context,NEGATIVE
09fdbeb6-53a8-4a5b-96fd-dc21eccbe507,2,0.19,114,57.0,0.0,0.8783783783783784,1,2,writing_request,NEUTRAL
d5563b6d-2ba0-429c-a71b-9da6e32ffe0e,4,2974.06,24,6.0,0.25,1.0,0,1,conceptual_questions,NEUTRAL
f50461df-755d-4bd2-bd91-e64284a1c877,3,3.04,83,27.666666666666668,0.0,0.8374727668845315,1,2,provide_context,NEUTRAL
d8c87ca9-d0e9-4965-8036-d732a653339d,18,5994.58,500,27.77777777777778,0.05555555555555555,0.902221395413219,15,5,writing_request,NEUTRAL
d05bba62-d9a6-4778-bdbb-bdc7f3a8191c,3,0.86,308,102.66666666666667,0.3333333333333333,0.8394648829431438,1,2,editing_request,NEUTRAL
04e1bef0-5af2-415a-b9b3-52c5423a59ce,13,590.98,329,25.307692307692307,0.0,0.9656695156695156,4,3,conceptual_questions,NEUTRAL
bdbc05e9-4707-4323-95bb-04ba493422ea,2,53.49,57,28.5,0.0,0.8113207547169812,1,2,verification,NEUTRAL
dc489ef4-7ab6-46c4-bba1-8dd02518fa9b,8,1371.86,197,24.625,0.0,0.9036327296876198,4,3,conceptual_questions,NEUTRAL
d2e3fa6f-3e8b-4d4a-b77d-242974559925,1,0.0,60,60.0,0.0,0.8,0,1,writing_request,NEUTRAL
37ba4f9e-96db-4f64-88b6-0e10747fe81d,1,0.0,85,85.0,0.0,0.7764705882352941,0,1,provide_context,NEUTRAL
1499c655-712d-4d78-83ca-de7fe1ab25b1,3,8.19,139,46.333333333333336,0.0,0.8879310344827586,1,2,writing_request,NEUTRAL
50cd53c6-d610-48a3-a88e-03da9c4efc74,9,1253.4,634,70.44444444444444,0.0,0.8600481623312155,5,3,writing_request,NEUTRAL
6e404f12-b3a4-461a-b6ad-411944ee19c6,5,47.86,203,40.6,0.4,0.84829823198867,3,2,conceptual_questions,NEUTRAL
73509138-4921-43a2-8e5a-532136408683,5,110.96,265,53.0,1.0,0.7696548921655408,0,1,writing_request,NEUTRAL
2899a075-23d9-4cd1-bf52-9b8a53452e61,7,179.83,365,52.142857142857146,0.0,0.8557236970074447,5,4,contextual_questions,NEUTRAL
bc155b6e-47e7-4998-b4fa-5440f2adea32,19,171.27,996,52.421052631578945,0.2631578947368421,0.8607630144548772,15,6,writing_request,NEUTRAL
85a8ee7e-3651-4c2e-8c7d-8a71d069fd65,9,38.81,971,107.88888888888889,0.4444444444444444,0.7169906008389938,6,5,writing_request,NEUTRAL
ca4136c9-8e54-4cae-99d6-3b4b613762ab,2,5.92,56,28.0,0.5,0.9411764705882353,1,2,writing_request,NEUTRAL
d61772c9-f1b5-48f2-9d91-2a3c0aec8e1e,5,3.56,79,15.8,0.8,0.9550000000000001,3,3,contextual_questions,NEUTRAL
4cee5912-c7eb-4f26-aea8-3c442eb00fc2,2,59.86,124,62.0,0.0,0.7105765559373807,0,1,writing_request,NEUTRAL
f0b5052a-ee5b-4483-81ed-85523516ca64,6,126.97,929,154.83333333333334,0.0,0.6967091668799773,1,2,writing_request,NEUTRAL
05515f67-9a40-4999-b025-085c82ac9ee2,48,190.5,963,20.0625,0.1875,0.9257373468237587,35,5,provide_context,NEUTRAL
2ebef847-4547-403a-90f5-90a2e5f279f8,3,11.7,536,178.66666666666666,0.0,0.712424353668847,1,2,writing_request,NEUTRAL
203efa02-01a8-4255-bd66-ffd4204e5480,1,0.0,16,16.0,1.0,1.0,0,1,conceptual_questions,NEUTRAL
64ee280f-5cc6-4ab5-a530-efe09da98741,20,40.64,705,35.25,0.15,0.8681605020883959,7,4,writing_request,NEUTRAL
ff472ef3-bd49-4d7e-aacf-828c18de7d6b,3,0.48,177,59.0,0.3333333333333333,0.8928571428571429,1,2,writing_request,NEUTRAL
224fa4a8-6424-4d99-94cf-9fd71e4b2f74,1,0.0,177,177.0,1.0,0.6666666666666666,0,1,conceptual_questions,NEUTRAL
549ae4a4-1994-4a44-94c0-fb195d6d6b3f,2,0.54,15,7.5,0.0,1.0,1,2,conceptual_questions,NEUTRAL
9fa9a84e-3388-417a-a036-e842d02431ec,5,3.14,343,68.6,0.6,0.8123767218557905,4,4,contextual_questions,NEUTRAL
342b0a05-22fb-487b-8552-fff26c1d14fc,10,359.98,2812,281.2,0.0,0.7029291809964717,4,2,writing_request,NEUTRAL
433d613f-a2a3-43c1-92fc-9036b20dd362,8,837.81,2220,277.5,0.0,0.7543028773074228,4,3,provide_context,NEUTRAL
81f0a3aa-d363-46d4-8d2e-5d690d351d8e,17,288.65,551,32.411764705882355,0.058823529411764705,0.9241214917339485,8,3,conceptual_questions,NEUTRAL
d29b280a-05d0-4cc9-a033-0cf9a66d0398,4,17.63,532,133.0,0.0,0.7725594227504244,1,2,writing_request,NEUTRAL
3042bb0f-f025-4d67-982b-0185eb9be86e,10,12.07,1389,138.9,0.1,0.9045831208809305,7,6,writing_request,NEUTRAL
b52bf15b-188b-4f87-87e7-77a343e10b62,15,26.57,2463,164.2,0.4,0.8264690510272348,11,5,writing_request,NEUTRAL
3e435498-85bc-418b-bbd6-08c0eb5a12fe,18,9573.51,936,52.0,0.05555555555555555,0.8135226249767658,10,5,writing_request,NEUTRAL
8a41a474-c78d-4fbb-9276-e7deae79a386,4,2.92,378,94.5,0.0,0.4416781135531136,0,1,writing_request,NEUTRAL
a835fba5-fb6e-4bd2-9313-f7187bf64d3f,1,0.0,49,49.0,0.0,0.9183673469387755,0,1,writing_request,NEUTRAL
e6084dc5-a073-4c39-879b-caf16dde5d96,1,0.0,49,49.0,1.0,0.7755102040816326,0,1,writing_request,NEUTRAL
d40b1142-e102-4f58-ba5a-1a0d8d8cd44f,2,7.28,99,49.5,0.0,0.8936170212765957,0,1,writing_request,NEUTRAL
28cfc6e3-a13d-44aa-a20f-ec589162e8bb,1,0.0,18,18.0,1.0,1.0,0,1,editing_request,NEUTRAL
9cb89535-10f8-4e5f-87c7-3ec137ef0ee2,7,21.98,754,107.71428571428571,0.0,0.748160632965729,2,3,writing_request,NEUTRAL
fef7687f-075e-4237-a438-93bd6c9bca5d,4,9.74,2168,542.0,0.25,0.77101795313397,2,3,writing_request,NEUTRAL
63b94046-6741-416b-b9a4-1a54967baaf9,6,3110.32,26,4.333333333333333,0.16666666666666666,1.0,5,4,conceptual_questions,NEUTRAL
5a778a9a-def4-42ed-a1e6-8fb5fa60882c,10,253.71,103,10.3,0.4,0.9870445344129555,3,2,conceptual_questions,NEUTRAL
eadc2a1c-1f31-493f-9595-9abda07f2b5e,1,0.0,11,11.0,0.0,1.0,0,1,conceptual_questions,NEUTRAL
07b8b928-f815-466f-a7cb-5d70584aae1f,15,991.2,421,28.066666666666666,0.26666666666666666,0.9022561315815518,10,4,conceptual_questions,NEUTRAL
7bac0d86-9fcf-4ab5-ace3-577cf0427dfc,1,0.0,4,4.0,0.0,1.0,0,1,misc,NEUTRAL
ddd0b0a4-dd24-4d91-af6c-3b0edb0de4e7,10,380.98,173,17.3,0.7,0.9408275809605382,3,2,conceptual_questions,NEUTRAL
2ad20cd4-ec64-44a7-9eea-f9b47abc85cc,4,2.23,32,8.0,0.0,0.9583333333333334,1,2,writing_request,NEUTRAL
7241a92e-d9ee-4dae-9e5c-93a3ef21c58a,9,20.9,1116,124.0,0.2222222222222222,0.6916040998067806,4,3,provide_context,NEUTRAL
8c194289-3134-4c95-99e4-685c56734bf0,13,1668.87,226,17.384615384615383,0.07692307692307693,0.9668700530238993,7,4,conceptual_questions,NEUTRAL
285da207-9f95-4f4f-a8fb-f6435b32da5e,4,895.58,28,7.0,0.0,1.0,0,1,conceptual_questions,NEUTRAL
11c09f7b-6c82-4c6f-86ed-9966232abed0,20,224.85,588,29.4,0.25,0.9299222621776189,15,4,writing_request,NEUTRAL
be4baba3-47e0-471b-b4c3-3737eba1b322,5,140.36,364,72.8,0.8,0.8481524017001929,2,3,contextual_questions,NEUTRAL
c949338f-978f-43ea-b679-27fe5fa1a0ea,1,0.0,5,5.0,0.0,1.0,0,1,writing_request,NEUTRAL
da19980d-7b00-4254-bb7a-1da73d757d3b,3,16.19,34,11.333333333333334,0.6666666666666666,0.9249084249084248,2,3,contextual_questions,NEUTRAL
5dc5733e-abee-4658-96f8-d940b5f36a76,1,0.0,74,74.0,1.0,0.7432432432432432,0,1,conceptual_questions,NEUTRAL
47876d9a-a342-471c-a9f0-223492c89c81,12,61.16,661,55.083333333333336,0.0,0.8495937466425462,7,3,writing_request,NEUTRAL
418fe21d-2e28-419e-9195-a5a6df5be321,4,8.13,63,15.75,0.0,0.9652777777777778,2,3,provide_context,NEUTRAL
10510a97-194b-496f-bf87-e211a6cb987f,11,1613.91,1115,101.36363636363636,0.09090909090909091,0.8068521742112903,4,3,writing_request,NEUTRAL
49f8186f-1478-404e-9b47-96a03e5d39fb,3,11.1,103,34.333333333333336,0.0,0.6426127635805056,1,2,provide_context,NEUTRAL
c34d1e2b-5733-49cd-bc50-f45fbe9a465c,2,1.22,54,27.0,1.0,0.8852813852813852,0,1,conceptual_questions,NEUTRAL
65db393b-5933-479f-9816-d0ca2ed93695,6,16.45,229,38.166666666666664,0.5,0.9111861861861862,5,4,writing_request,NEUTRAL
603ff557-0ac2-4afa-8252-8136b88f4b2d,2,2.43,23,11.5,0.0,1.0,1,2,writing_request,NEUTRAL
16da9ba1-b045-41a7-bc12-bb0b62538665,14,4993.19,876,62.57142857142857,0.14285714285714285,0.8098423615918026,9,5,contextual_questions,NEUTRAL
452f233e-c918-4539-829e-4a9e0a57f60e,14,31.99,1528,109.14285714285714,0.14285714285714285,0.9011005281054584,10,5,writing_request,NEUTRAL
46f007ec-1c32-4721-9f75-e8ab6fa9b1a1,1,0.0,1,1.0,0.0,1.0,0,1,off_topic,NEUTRAL
2c42af92-c808-434b-a7b3-5d171bb82737,32,338.99,1837,57.40625,0.15625,0.7926859798985374,24,6,conceptual_questions,NEUTRAL
2ce15e5e-5717-4f64-a7a7-a2e43927c24f,26,10155.31,1354,52.07692307692308,0.23076923076923078,0.8300257904122075,20,6,writing_request,NEUTRAL
5bd5511c-c4fc-44bc-8114-9ebe86c1f6f1,57,201.24,2567,45.03508771929825,0.12280701754385964,0.8783135783569722,47,8,writing_request,NEUTRAL
fdabc0e5-9e4a-49b4-be1d-b55fd9ed139d,1,0.0,9,9.0,0.0,0.8888888888888888,0,1,conceptual_questions,NEUTRAL
da27c64a-1933-4771-8fc5-7a1987c1113d,1,0.0,292,292.0,0.0,0.4554794520547945,0,1,writing_request,NEUTRAL
e2e2baaf-a385-4fce-a3ef-f1cf46ff9dc5,4,31.67,186,46.5,0.75,0.8394321547574972,2,2,conceptual_questions,NEUTRAL
ab0e1aa3-013e-4101-b238-f3a921ed3685,1,0.0,433,433.0,0.0,0.45958429561200925,0,1,writing_request,NEUTRAL
1021dfeb-d88b-49b0-8589-19a816858f85,3,1240.31,303,101.0,0.6666666666666666,0.7720292936451689,1,2,writing_request,NEUTRAL
d72f5cff-f0f5-4982-9db2-26f0d03aa6cf,39,296.47,1547,39.666666666666664,0.07692307692307693,0.8919317277457415,25,5,writing_request,NEUTRAL
3e2ecba4-97b4-478e-8f9b-3d70c737bbde,3,6.48,273,91.0,0.0,0.6177985038375595,2,3,contextual_questions,NEUTRAL
c7620c03-7e8a-4c84-a01e-52a5e4d43bb2,1,0.0,132,132.0,1.0,0.6590909090909091,0,1,writing_request,NEUTRAL
9ba76a7d-8766-4122-85a4-1c944c065d3d,3,7.5,129,43.0,0.0,0.90041928721174,2,3,editing_request,NEUTRAL
117c880c-b94b-4bb8-9a50-6494adad84dd,7,23.45,129,18.428571428571427,0.14285714285714285,0.967687074829932,4,3,conceptual_questions,NEUTRAL
ee77863e-5f77-437a-92e6-8ad1a55eef61,10,127.0,679,67.9,0.4,0.8163823547696897,8,5,editing_request,NEUTRAL
9986c04d-7825-4a21-beaf-bee9ddf4964b,1,0.0,60,60.0,1.0,0.85,0,1,conceptual_questions,NEUTRAL
ee7aad17-c996-4e1b-bd87-57dae4bc072e,5,5.24,238,47.6,0.0,0.8906011396011395,3,3,provide_context,NEUTRAL
a85cdd35-e452-45d2-9021-9cb2b8789446,30,154.92,1997,66.56666666666666,0.1,0.8070302942406292,18,5,conceptual_questions,NEUTRAL
e513ba61-e105-474a-990f-746b03e58c18,15,1045.83,1490,99.33333333333333,0.7333333333333333,0.7948457086311216,8,5,writing_request,NEUTRAL
42c61701-29df-4cd4-89c0-8bbda9df2cd2,26,1765.32,3604,138.6153846153846,0.0,0.7132989643980902,19,7,provide_context,NEUTRAL
e093883e-d0bc-4824-ac34-07090909dc8c,4,11.28,1270,317.5,0.0,0.6425885553133188,1,2,conceptual_questions,NEUTRAL
cc52bdfd-819e-4d62-a155-d7134afe793e,1,0.0,1,1.0,0.0,1.0,0,1,off_topic,NEGATIVE
7d20759e-eaad-4413-9da7-4af0bc9eecdd,2,0.33,109,54.5,0.0,0.8074581430745814,0,1,provide_context,NEUTRAL
e44a595e-ab7f-4e01-8d4e-a093c0e32bc0,1,0.0,23,23.0,0.0,1.0,0,1,writing_request,NEUTRAL
d45dbe16-fb82-43d8-92e7-0dbde152a2e4,2,27.9,245,122.5,0.5,0.73342175066313,1,2,provide_context,NEUTRAL
b833f8a1-7f35-4302-85d0-88b60129d29a,14,339.26,741,52.92857142857143,0.5,0.9049913535064269,11,4,conceptual_questions,NEUTRAL
eb9eb9a4-58f5-4114-bb37-b14fd12be553,4,3.15,349,87.25,0.0,0.6904377330295418,2,2,writing_request,NEUTRAL
87661675-2375-49ac-b8c8-dd2a1df1dc33,4,62.54,51,12.75,0.5,0.8864583333333333,0,1,conceptual_questions,NEUTRAL
144ba478-9104-47ea-a991-e814cbc715a1,1,0.0,7,7.0,0.0,1.0,0,1,contextual_questions,NEUTRAL
131906a0-9c39-453a-9ef9-64efb135c68b,3,6.65,77,25.666666666666668,0.3333333333333333,0.8623072833599149,2,3,conceptual_questions,NEUTRAL
099ed0d5-e6d0-4c79-bf8d-99baf2634780,13,5800.58,157,12.076923076923077,0.0,0.9365634365634368,4,3,conceptual_questions,NEUTRAL
149a3b57-dcb2-4092-8533-76784a6158d3,30,6396.38,3820,127.33333333333333,0.0,0.7701429519739681,24,6,provide_context,NEUTRAL
d1abf3ef-0d6b-46f0-8c6b-03c81aa80173,2,1.27,28,14.0,0.0,0.9473684210526316,0,1,conceptual_questions,NEUTRAL
a57f0276-466e-4587-8b3f-62d90e050992,1,0.0,253,253.0,1.0,0.6600790513833992,0,1,writing_request,NEUTRAL
0c733945-9960-4060-a83b-c164f9237363,2,4.18,1001,500.5,1.0,0.7527693856998994,1,2,verification,NEUTRAL
669e8a59-3742-4462-bd22-64f372917438,33,2892.85,3106,94.12121212121212,0.5757575757575758,0.8796888145999181,28,6,conceptual_questions,NEUTRAL
3db55ad6-7ef4-4f16-ac86-97ef0496722b,5,7.8,73,14.6,0.2,0.9568376068376068,3,3,provide_context,NEUTRAL
901fbe12-f9fb-4389-b6e1-dfcd13c70314,11,1293.13,1350,122.72727272727273,0.5454545454545454,0.7530029434652598,9,4,verification,NEUTRAL
173e8885-8e75-45d6-8364-966c87cf1a01,6,17.14,1291,215.16666666666666,0.16666666666666666,0.7284068245038959,4,4,provide_context,NEUTRAL
d62bd5d8-e1a8-4d81-9d77-0093b27b0c43,12,386.17,961,80.08333333333333,0.0,0.8726955918041198,6,4,provide_context,NEUTRAL
fac09208-95fb-4458-b248-96743b04b047,53,7165.43,1038,19.58490566037736,0.03773584905660377,0.9422563347522953,33,6,conceptual_questions,NEUTRAL
9578fd66-4214-4119-8357-9ae641ae16c8,1,0.0,7,7.0,0.0,1.0,0,1,contextual_questions,NEUTRAL
d45346db-b0b0-4ace-a152-95d34bc5a960,2,0.28,17,8.5,0.0,1.0,0,1,writing_request,NEUTRAL
cbe9b2ff-d86a-4c84-96e0-850cf5f6f023,10,48.69,145,14.5,0.4,0.9464918414918415,5,4,conceptual_questions,NEUTRAL
3d2b8618-2aec-4894-b534-c31ddc1575b3,3,4.97,9271,3090.3333333333335,0.6666666666666666,0.5729607608267994,2,2,writing_request,NEUTRAL
0ddf35ff-e886-4e94-9d85-d5d3286f92cc,14,1391.12,1159,82.78571428571429,0.07142857142857142,0.8444094615181984,7,3,writing_request,NEUTRAL
96b31089-15fa-4110-b0b2-6635e8869186,1,0.0,31,31.0,1.0,0.6774193548387096,0,1,conceptual_questions,NEUTRAL
4c8a7959-1a5e-41b2-b8ed-eabc1d67d1dd,2,12.3,699,349.5,1.0,0.7024434571890146,1,2,writing_request,NEUTRAL
2c58a3fb-0b0d-4045-a758-1ff5d46376b7,11,1249.03,560,50.90909090909091,0.5454545454545454,0.7844928735266006,6,3,writing_request,NEUTRAL
3d954eee-65de-4970-89f9-38899b33c285,1,0.0,21,21.0,0.0,0.9047619047619048,0,1,contextual_questions,NEUTRAL
1bd2bc4f-af9c-4b5b-81a0-80b10844ef0a,5,10.81,591,118.2,0.8,0.8238213003589948,2,3,writing_request,NEUTRAL
441f15dd-e8a1-4368-a942-b677ddef6dc4,4,1.06,1130,282.5,0.25,0.8090273240273239,3,3,provide_context,NEUTRAL
3b479063-28c4-41ac-99f4-79bae9a74bf4,7,182.41,267,38.142857142857146,0.14285714285714285,0.8313194243214527,5,5,conceptual_questions,NEUTRAL
0a6c8c81-9eef-4232-b92e-9bee4bd87241,1,0.0,387,387.0,0.0,0.4134366925064599,0,1,writing_request,NEUTRAL
641ecda0-7295-4cfb-a183-ecd34db29c51,5,24.44,1006,201.2,0.6,0.6972070525823062,2,2,writing_request,NEUTRAL
6485f7b3-025c-4906-9f1b-85645c62ac36,7,966.05,75,10.714285714285714,0.0,0.9571161798052553,2,3,conceptual_questions,NEUTRAL
286ffd6c-4172-4001-a20d-c1dc1892919e,1,0.0,5,5.0,1.0,1.0,0,1,contextual_questions,NEUTRAL
f7f03df5-dd2f-4d81-9b3b-66273956d602,2,6.83,17,8.5,0.0,1.0,0,1,conceptual_questions,NEUTRAL
c770198f-689c-48a3-b739-27a7e1a0e4d5,7,18.32,836,119.42857142857143,0.0,0.7863255722084299,4,3,writing_request,NEUTRAL
3d027a08-90f7-43f7-8f34-1d93c6800027,2,2.34,16,8.0,0.0,1.0,0,1,conceptual_questions,NEUTRAL
5a38f8ee-3b7b-4081-8ab8-ccbd3cc63628,2,0.3,47,23.5,0.0,0.7619047619047619,1,2,writing_request,NEUTRAL
d7993e46-bf32-4a7b-96cb-9052d33c8019,5,24.3,2185,437.0,1.0,0.7307682157200229,3,3,contextual_questions,NEUTRAL
1ffab34c-136c-44c4-a3fb-974644032d16,3,11.07,174,58.0,0.0,0.8714703425229741,2,3,writing_request,NEUTRAL
29c94230-6bda-431d-ab95-71f71d5a549a,2,1.43,9,4.5,0.0,1.0,0,1,conceptual_questions,NEUTRAL
7d9e7266-87e6-4efc-ac7a-a1077697c4b6,16,4107.87,1796,112.25,0.25,0.6848043583157518,11,5,writing_request,NEUTRAL
2914c156-a1fe-4cc8-a8a0-9501431c09d0,1,0.0,1979,1979.0,1.0,0.3724103082364831,0,1,writing_request,NEUTRAL
94841bbc-14c9-4dd4-927c-d3b1db6440db,13,27.89,429,33.0,0.38461538461538464,0.8955874979462778,10,5,conceptual_questions,NEUTRAL
43ad8e05-6dc4-4cb4-88e8-723471dd8eb6,2,6.26,6,3.0,0.0,1.0,0,1,conceptual_questions,NEUTRAL
14e5c65f-73e5-47b7-814c-66419ce07b6e,2,380.85,89,44.5,0.0,0.8658974358974358,1,2,writing_request,NEUTRAL
181bf5b2-4f78-4d88-9403-b27aef32e19f,17,899.57,2280,134.11764705882354,0.35294117647058826,0.6243725743943228,10,5,writing_request,NEUTRAL
5b538ad8-2e01-44f3-9d96-d15567038703,5,39.27,97,19.4,0.0,0.8730656770130455,3,3,conceptual_questions,NEUTRAL
1863cd8d-a266-4a14-828a-ab7e943ed851,11,30.69,400,36.36363636363637,0.6363636363636364,0.7976801300039505,5,6,conceptual_questions,NEUTRAL
456f3c9a-c2eb-4527-b3eb-a5931492e8b5,2,1.75,37,18.5,0.0,0.9473684210526316,1,2,writing_request,NEUTRAL
a07c9954-b641-42bc-8e30-ffc31363ec36,2,2652.35,189,94.5,0.0,0.5009398496240601,0,1,writing_request,NEUTRAL
37e0efa5-ff31-4aaa-a945-a3d26ee9ad36,1,0.0,2150,2150.0,0.0,0.24883720930232558,0,1,provide_context,NEUTRAL
ee9e86a2-5a5a-418a-9ea5-9aac4305560c,5,1316.68,1390,278.0,0.2,0.6295113748619585,2,3,writing_request,NEUTRAL
8982672f-4b2e-4d3c-86e7-74a1ca852d93,2,1171.67,140,70.0,0.5,0.7908945321436742,1,2,verification,NEUTRAL
93796790-cae3-4b5f-8091-de0c82b8f76a,9,21.87,1163,129.22222222222223,0.3333333333333333,0.7943206640111673,4,4,writing_request,NEUTRAL
dc8b5696-c3d2-4836-8ee7-293ae07ddd8d,3,60.91,602,200.66666666666666,0.3333333333333333,0.8265151515151515,2,2,writing_request,NEUTRAL
3bb46a53-b446-4179-96cc-fd07ec2cc865,3,2.6,160,53.333333333333336,0.3333333333333333,0.8221515326778485,0,1,writing_request,NEUTRAL
c548701e-d4d2-4eac-bd24-029736497be3,2,11.0,125,62.5,0.0,0.8405172413793103,0,1,writing_request,NEUTRAL
ff0d3b98-c4bf-461a-b050-bcb142a95ea8,1,0.0,14,14.0,0.0,0.9285714285714286,0,1,writing_request,NEUTRAL
06b7ef96-cc37-4f73-8808-dd5a30d93202,12,310.76,89,7.416666666666667,0.0,0.983251633986928,9,6,conceptual_questions,NEUTRAL
b7da305e-d7aa-4973-8a97-d79fa7e86ea7,5,2.18,2173,434.6,0.4,0.7787585439025144,3,3,contextual_questions,NEUTRAL
dcdeeafa-6668-420d-8021-dd59b77cfbd4,13,32.83,576,44.30769230769231,0.0,0.8679579490239164,12,6,provide_context,NEUTRAL
362b80fa-c6ac-4aa9-b2fc-0e80050d586f,8,64.34,248,31.0,0.75,0.8695045958522188,3,3,conceptual_questions,NEUTRAL
bca7d6c1-088a-4302-80d1-69d1e3d6f9cd,4,65.16,3350,837.5,0.75,0.5863928948111907,0,1,provide_context,NEUTRAL
2fb5e910-87ed-4099-b441-306435a97a6d,22,495.77,690,31.363636363636363,0.09090909090909091,0.9272058461126371,10,4,writing_request,NEUTRAL
88848aa6-0f05-49f3-8dee-1fd3a598f29d,3,1852.73,204,68.0,0.3333333333333333,0.8791208791208791,1,2,provide_context,NEUTRAL
12352466-1b2f-43dc-84fd-6fd3c42f26e8,5,1136.69,2665,533.0,0.2,0.6503992531564111,1,2,writing_request,NEUTRAL
168ed206-c135-43b1-b3e9-4f9e85b00db9,3,19780.6,2603,867.6666666666666,0.6666666666666666,0.7814598987241933,2,3,conceptual_questions,NEUTRAL
4bf6c088-1a05-413d-b344-b98bc2c276d2,5,31.33,102,20.4,0.2,0.9326226012793176,3,3,conceptual_questions,NEUTRAL
a744bbcb-eafd-4001-b7c6-c58d18675228,16,1086.35,1029,64.3125,0.1875,0.8470364991460249,7,4,writing_request,NEUTRAL
0255b24c-cadc-460b-a7be-975292a3e31e,8,11.21,9335,1166.875,1.0,0.7701435963231544,3,3,contextual_questions,NEUTRAL
4656a175-4146-410f-8f6b-6796ea622abe,32,7366.08,2247,70.21875,0.15625,0.7930941587601156,16,5,writing_request,NEUTRAL
4c0f405c-80d4-4f8b-bd99-69628877125c,2,3.55,123,61.5,0.5,0.8521739130434782,1,2,conceptual_questions,NEUTRAL
d54ba90e-9549-4a96-b236-226616b64392,1,0.0,45,45.0,0.0,0.5333333333333333,0,1,writing_request,NEUTRAL
3bb68f1e-736c-491c-9b5f-b88853f2241e,6,33.88,279,46.5,0.16666666666666666,0.5974434531317786,3,3,writing_request,NEUTRAL
6afbcedb-12db-498e-b7c0-997d19892d7d,29,249.14,1516,52.275862068965516,0.3448275862068966,0.8669228929798346,21,5,writing_request,NEUTRAL
4dad1197-f1bd-401b-b547-6d060dd7bd7d,9,1695.93,356,39.55555555555556,0.0,0.810772272524033,4,3,writing_request,NEUTRAL
1865691f-4e39-487d-8dfb-72d8f31b77bd,11,30.83,564,51.27272727272727,0.09090909090909091,0.903988779766648,9,5,writing_request,NEUTRAL
35ed5122-4f5b-461b-a66c-6503b8a50718,4,36.95,942,235.5,0.25,0.6880441859072444,0,1,writing_request,NEUTRAL
0b5507ac-0bd6-460b-9003-4aee93d076bc,1,0.0,108,108.0,0.0,0.7407407407407407,0,1,conceptual_questions,NEUTRAL
5eb00b9b-9483-4d92-8251-e0995f0675aa,14,2764.62,3687,263.35714285714283,0.21428571428571427,0.8374529489293749,8,4,provide_context,NEUTRAL
f56f655d-703b-4a84-b559-22f221abfc39,4,2.44,111,27.75,0.0,0.8811717622969891,2,2,writing_request,NEUTRAL
0df3d7e3-5a12-46c7-ac32-5402544de38b,3,4.37,2982,994.0,0.3333333333333333,0.5029124759562146,0,1,provide_context,NEUTRAL
90cf52f9-187a-4699-9867-6577fab7c11f,6,10.98,631,105.16666666666667,0.0,0.7533714490689128,4,3,writing_request,NEUTRAL
de47c60b-c799-4c3c-88a6-b2a89dcb8e26,1,0.0,427,427.0,0.0,0.5011709601873536,0,1,writing_request,NEUTRAL
297498c3-298e-49ec-8527-124621f1d412,3,2.91,24,8.0,0.0,0.9583333333333334,0,1,conceptual_questions,NEUTRAL
fc709d82-c36c-4cfd-b6c6-51d1d3930ba4,16,18410.6,470,29.375,0.25,0.8972190172972477,6,4,conceptual_questions,NEUTRAL
f294a307-4861-4aff-a303-6ebc51f1ebca,9,987.74,1980,220.0,0.8888888888888888,0.881581858834971,3,3,conceptual_questions,NEUTRAL
b79200fd-09f5-4bca-982e-4643b5c6adf7,11,79.2,162,14.727272727272727,0.36363636363636365,0.9637140637140637,7,4,conceptual_questions,NEUTRAL
1909ec5a-eae4-4a47-b295-89e406013613,2,2886.13,49,24.5,0.5,0.8604651162790697,1,2,misc,NEUTRAL
c10cb352-df6e-4c94-a220-49a52f3c9c29,21,551.35,533,25.38095238095238,0.047619047619047616,0.9325590511588935,14,5,conceptual_questions,NEUTRAL
25a24752-4f17-4715-8123-ff43408f3f21,5,16.91,443,88.6,0.0,0.7990800316708245,2,2,writing_request,NEUTRAL
aa516996-cbf1-4dc5-8451-d133e420024f,14,212.09,582,41.57142857142857,0.07142857142857142,0.9033620223218826,10,4,conceptual_questions,NEUTRAL
c2287af6-1b8e-46a4-b6aa-fbb334c5a80d,21,18867.01,1129,53.76190476190476,0.0,0.8528471053094623,13,6,conceptual_questions,NEUTRAL
7bf52cd8-5fea-42a4-935a-5dfc27d4ded2,5,706.93,547,109.4,0.0,0.7624643458176635,2,3,provide_context,NEUTRAL
74c8ecd0-7562-4cae-9cf5-88d39e17e452,2,57.77,1167,583.5,0.0,0.4901941321829204,1,2,provide_context,NEUTRAL
77faf8c9-17ea-4463-a887-231ef308b2c2,32,177.85,3713,116.03125,0.125,0.7669773047195394,20,7,provide_context,NEUTRAL
e0362932-8f98-4779-9154-2a000b1a6eac,1,0.0,1,1.0,0.0,1.0,0,1,off_topic,NEGATIVE
b204c052-cbdd-477d-9b2b-529d831ad28e,25,1016.87,511,20.44,0.04,0.9282171272384341,15,6,writing_request,NEUTRAL
34e6c04a-dda2-42ac-a7f7-e84b8103cb46,2,0.74,21,10.5,0.0,0.9045454545454545,0,1,conceptual_questions,NEUTRAL
9d83eadc-ec85-45bd-9dbf-740c5ae7c3dc,3,2.69,120,40.0,0.0,0.8666666666666667,2,3,off_topic,NEUTRAL
542c9d44-c810-4194-98af-11b7a26f6103,3,37.6,87,29.0,0.0,0.8232998885172798,0,1,writing_request,NEUTRAL
f8768022-1410-4321-ab30-0527eb1f4c0f,2,0.84,23,11.5,0.0,0.8174603174603174,1,2,writing_request,NEUTRAL
171f5b7d-a68a-4bf6-88ba-a4de0f780390,1,0.0,1,1.0,0.0,1.0,0,1,off_topic,NEUTRAL
93e68969-e98d-49ed-aa83-e97c3b90ce46,1,0.0,616,616.0,1.0,0.48863636363636365,0,1,contextual_questions,NEUTRAL
fb5dcbbd-8674-4fd4-84df-611c983fc585,7,3.06,230,32.857142857142854,0.0,0.8533693371977106,2,2,writing_request,NEUTRAL
999fb4af-2e1a-4e55-a80d-8873d01374b5,15,1908.46,182,12.133333333333333,0.13333333333333333,0.9629461279461278,8,3,conceptual_questions,NEUTRAL
44a31d3f-9d2d-44ef-8c3b-1fd502841fb0,3,10029.54,207,69.0,0.3333333333333333,0.7596387620497209,2,3,provide_context,NEUTRAL
33bcd482-031e-4e8d-848a-10c37b5fc4a8,9,22.21,3466,385.1111111111111,0.1111111111111111,0.43764292972566365,3,2,verification,NEUTRAL
f006e4a7-2c81-4848-8202-e2a36d453e8c,2,0.98,41,20.5,0.0,0.9342105263157895,1,2,writing_request,NEUTRAL
55fe03e8-0594-4910-a98f-707f1bcae7ef,9,61.69,312,34.666666666666664,0.2222222222222222,0.9257337350742105,8,5,writing_request,NEUTRAL
59f83f44-eaaa-4a41-9fbd-33e9b2132ecf,25,4216.14,1431,57.24,0.36,0.7650453642036733,16,6,contextual_questions,NEUTRAL
5e3f74cc-d4e5-435f-a2f5-575268340de1,1,0.0,32,32.0,0.0,0.84375,0,1,conceptual_questions,NEUTRAL
3d116735-2e17-4f32-8af9-11414e10d1ee,2,523.03,504,252.0,0.0,0.649516754441808,1,2,writing_request,NEUTRAL
fe30c007-e215-4d25-b511-cd1b7e561bb6,3,0.48,17,5.666666666666667,0.0,1.0,2,3,off_topic,NEUTRAL
7b7cde0c-743f-4c02-aa7f-529481a944da,14,222.9,216,15.428571428571429,0.6428571428571429,0.9698660186966352,6,3,conceptual_questions,NEUTRAL
09f5817b-9f79-4952-9dae-c8be4bbfe8af,12,2066.85,248,20.666666666666668,0.0,0.9395931730356377,6,2,writing_request,NEUTRAL
3c218060-0dcc-498d-bb03-8573a18da9cf,1,0.0,94,94.0,0.0,0.7872340425531915,0,1,writing_request,NEUTRAL
955e7865-85c6-43ee-919f-ece98f4226ba,3,78.88,129,43.0,0.0,0.817306052855925,1,2,writing_request,NEUTRAL
e8dbfef7-531e-4c45-b3f8-4c04c54e573a,1,0.0,153,153.0,0.0,0.6797385620915033,0,1,writing_request,NEUTRAL
53b85683-cd3d-478b-9034-5897146d039e,1,0.0,3,3.0,1.0,1.0,0,1,conceptual_questions,NEUTRAL
d11d9e0a-bb7b-49f8-9600-dca74a8ff2dd,10,13.94,612,61.2,0.0,0.8300881857585294,6,4,writing_request,NEUTRAL
29cb738d-503d-4cc2-927e-d3616ab3155d,25,3346.25,997,39.88,0.08,0.817163588189596,19,4,writing_request,NEUTRAL
bda5dfd9-60d6-4895-ad21-ab6b31e7b659,1,0.0,90,90.0,0.0,0.7555555555555555,0,1,verification,NEUTRAL
fc4814de-dd6a-47c3-ac99-f5737d198463,1,0.0,23,23.0,0.0,0.9565217391304348,0,1,writing_request,POSITIVE
dcdba004-97c2-4a46-abc1-892c18a2b3be,5,3.62,1111,222.2,0.4,0.7990476473420707,0,1,provide_context,NEUTRAL
45a06ff2-4d7a-454a-9591-b44b5c1b262a,2,4.02,144,72.0,0.0,0.8278688524590163,0,1,writing_request,NEUTRAL
7f73057a-1eaf-47f4-a8b5-b4e88d488e47,19,3301.91,435,22.894736842105264,0.9473684210526315,0.956647144698415,10,4,conceptual_questions,NEUTRAL
ee5ffa2b-e2d5-4b32-9370-14f16cb2985f,1,0.0,5,5.0,0.0,1.0,0,1,off_topic,NEGATIVE
47ac1932-489a-40a5-863e-8954b583ab9d,2,1.57,53,26.5,0.0,0.9268292682926829,1,2,writing_request,POSITIVE
64aaa266-3e16-4433-b264-0a56ef046daa,10,56.1,915,91.5,0.4,0.7465796915414017,8,4,provide_context,NEUTRAL
dd5accde-a1b8-4b5b-8be6-a45793173622,10,97.05,911,91.1,0.0,0.8274937766714082,7,4,conceptual_questions,NEUTRAL
16e1f865-598d-4071-957e-06913c0923fa,1,0.0,531,531.0,0.0,0.5819209039548022,0,1,provide_context,NEUTRAL
0e37bf4d-20c9-43a2-8016-3aececec1c74,4,300.39,476,119.0,0.25,0.691117086038961,3,3,provide_context,NEUTRAL
9e7c6e58-e886-45f2-94fc-c5d6225acf7b,1,0.0,24,24.0,0.0,1.0,0,1,writing_request,NEUTRAL
34c508fc-c480-492e-a96c-de27decbadc2,3,1.55,74,24.666666666666668,0.6666666666666666,0.9252873563218391,2,3,writing_request,NEGATIVE
2c12300f-6c4d-4076-817a-5d1d47995eae,9,31.82,1108,123.11111111111111,0.0,0.8748354866494402,3,3,writing_request,NEUTRAL
1c47043b-65e5-472f-8831-c8024a440095,9,3.63,54,6.0,0.3333333333333333,0.9592592592592593,6,3,conceptual_questions,NEUTRAL
4b3610ca-9eaf-46a6-8384-635edf2725e9,9,46.49,2049,227.66666666666666,0.2222222222222222,0.7618767661253741,6,3,writing_request,NEUTRAL
ac7df03c-36e9-484a-8a1d-291d9da9b891,30,1759.25,3179,105.96666666666667,0.36666666666666664,0.7564891857407835,20,5,contextual_questions,NEUTRAL
abdbfc4e-c032-4ab6-90f8-1f872fad0a20,1,0.0,40,40.0,1.0,0.875,0,1,conceptual_questions,NEUTRAL
2df0b591-9b3e-4f7e-bd0a-6b45bc1b5de5,4,15.75,723,180.75,0.5,0.8017564402810304,2,3,writing_request,NEUTRAL
17dfd1d1-9857-4db2-be20-a18aacdb94d8,2,15.15,159,79.5,0.0,0.7417218543046358,0,1,writing_request,NEUTRAL
3c78e836-daad-41a3-a6ff-67086e016231,14,27.08,1956,139.71428571428572,0.14285714285714285,0.6789301968764568,5,2,provide_context,NEUTRAL
c4bde1bd-6615-4f08-802a-a356bd02cc07,1,0.0,217,217.0,0.0,0.6405529953917051,0,1,editing_request,NEUTRAL
67475c21-d748-4302-b90c-73a4fdc4c77c,1,0.0,41,41.0,0.0,0.7317073170731707,0,1,contextual_questions,NEUTRAL
d7da6788-74d4-4feb-b9f2-0308b25168c8,3,3.09,432,144.0,0.3333333333333333,0.8202703729019518,0,1,writing_request,NEUTRAL
eefdfbf0-e362-4aba-a6c5-6f2a21e3ce64,1,0.0,14,14.0,0.0,1.0,0,1,writing_request,NEUTRAL
1a8382a2-768d-4d00-a134-04b28c09a8b9,2,20.0,35,17.5,0.5,0.9464285714285714,0,1,conceptual_questions,NEUTRAL
21e22221-428a-4b94-a085-a00b043d8e72,1,0.0,959,959.0,1.0,0.5224191866527633,0,1,verification,NEUTRAL
51dfbce1-b9d7-432c-8a83-6de507072d28,6,50.71,642,107.0,0.0,0.8031233345488205,2,2,writing_request,NEUTRAL
c5c4134e-7c36-43a4-aa1b-ba9cfb73d5c6,1,0.0,496,496.0,0.0,0.5362903225806451,0,1,provide_context,NEUTRAL
c86b0ce2-a54f-4e1a-b4e9-9085c0ee2395,14,444.82,438,31.285714285714285,0.0,0.9065923212663705,10,5,conceptual_questions,NEUTRAL
fee3e2c0-f474-4d06-823f-208f39403ee5,4,17.67,1566,391.5,0.0,0.5754565294540914,2,2,provide_context,NEUTRAL
d8b22522-5418-4c81-8a65-0900b7885b7a,1,0.0,668,668.0,1.0,0.2904191616766467,0,1,writing_request,NEUTRAL
2f3506d1-57fb-4aa8-b7cc-feb621de5b8e,5,38.1,383,76.6,0.4,0.8480811575967285,4,3,provide_context,NEUTRAL
3383fea2-d51b-41bc-99dd-3e7b8ad6e98f,2,2.57,110,55.0,0.0,0.8033586132177681,0,1,writing_request,NEUTRAL
e4b64208-7e9f-469a-9bda-846299099a1c,1,0.0,2466,2466.0,1.0,0.33901054339010545,0,1,writing_request,NEUTRAL
499d855a-1a5d-49ad-bb87-7188875c9513,5,18.59,244,48.8,0.0,0.8943698854337153,2,3,writing_request,NEUTRAL
892c094f-7765-49f5-8ee1-6e815c72327a,1,0.0,297,297.0,0.0,0.4983164983164983,0,1,contextual_questions,NEUTRAL
8afa0b68-0fab-44c5-bc83-a5e789554cca,58,4031.07,3426,59.06896551724138,0.3793103448275862,0.861863636319095,32,6,writing_request,NEUTRAL
c2c92f11-0f24-4de4-a8f6-c6c4e571fd36,6,31.04,59,9.833333333333334,0.16666666666666666,0.9901960784313726,3,3,contextual_questions,NEUTRAL
ef1f4846-26c7-4172-a6f1-0e2a1cea97a5,13,47.71,1164,89.53846153846153,0.46153846153846156,0.796394399220309,11,6,writing_request,NEUTRAL
d137ebdb-5c3b-49d2-8a8d-4afe7eee1996,18,1535.55,957,53.166666666666664,0.16666666666666666,0.8768837378872854,8,4,writing_request,NEUTRAL
37428e09-f5d1-404d-8069-df83b0a591f7,27,5534.49,1515,56.111111111111114,0.0,0.8322143853545662,18,6,provide_context,NEUTRAL
46d6b9bc-63af-445a-a711-5e03b51820de,1,0.0,86,86.0,1.0,0.686046511627907,0,1,conceptual_questions,NEUTRAL
6ce3ef78-fdb9-48be-90bb-12ee55d28242,2,7.07,40,20.0,0.5,0.953125,1,2,conceptual_questions,NEUTRAL
